"","x"
"1","F311L"
"2","T406A"
"3","S481P"
"4","S420F"
"5","K419G"
"6","S446P"
"7","Y440C"
"8","V270I"
"9","N331G"
"10","I313T"
"11","S410N"
"12","T267A"
"13","V335I"
"14","K467R"
"15","D455N"
"16","I314T"
"17","Y326H"
"18","D325N"
"19","Y264C"
"20","S265G"
"21","S481F"
"22","N322S"
"23","E373G"
"24","A337V"
"25","S438P"
"26","Y449C"
"27","Y342C"
"28","M343V"
"29","A412T"
"30","G250K"
"31","G251D"
"32","Y253H"
"33","K263E"
"34","N479G"
"35","G463D"
"36","I242T"
"37","N336S"
"38","T392I"
"39","T394I"
"40","S385N"
"41","Y264H"
"42","E308K"
"43","F401L"
"44","L471P"
"45","K400R"
"46","G249S"
"47","V338I"
"48","Y353H"
"49","A269T"
"50","H375R"
"51","Y393H"
"52","I403T"
"53","M343T"
"54","K274R"
"55","K274E"
"56","N414S"
"57","K415E"
"58","C464Y"
"59","F493S"
"60","E275K"
"61","E282K"
"62","V280A"
"63","T277I"
"64","A288V"
"65","L284P"
"66","R473Q"
