Index,Species,Classification
1,Y185Y,
2,E189K,
3,H201N,
4,A206A,Silent
5,D207H,
6,D207N,
7,R220H,
8,R220L,
9,N221S,
10,V225V,
11,D233E,
12,W235C,
13,W235S,
14,R239R,Silent
15,I242V,
16,M244V,Resistant
17,K247T,
18,G250R,
19,G251V,
20,Q252H,
21,E255V,Resistant
22,E255K,Resistant
23,V260L,
24,S265R,
25,V270V,
26,L273M,
27,D276E,
28,E282G,
29,K291E,
30,E292E,Silent
31,H295Q,
32,P296R,
33,L298V,
34,V304L,
35,F311F,
36,F311L,
37,1313F,
38,T315I,Resistant
39,F317L,Resistant
40,Y320*,Nonsense
41,R332P,
42,V335L,
43,V335V,Silent
44,A337S,
45,Y342,Nonsense
46,Q346R,
47,A350D,
48,E352E,
49,E355Q,
50,E355G,
51,H375Q,Silent
52,K378K,
53,A380P,
54,G383A,
55,L384V,
56,L384M,Resistant
57,L387F,
58,L387W,
59,G390G,Silent
60,A395A,Silent
61,H396D,
62,A397G,
63,G398G,Silent
64,F401L,
65,T460S,
66,L411L,Silent
67,A412P,
68,S417Y,
69,S420S,Silent
70,D421E,
71,E431Q,
72,G436C,
73,S438T,
74,S438C,
75,Y440*,Nonsense
76,_441_,Silent
77,G442A,
78,S446F,
79,L451L,Silent
80,Y456*,Nonsense
81,E453Q,
82,R457C,
83,E459K,
84,E459G,
85,E462K,
86,K467R,
87,V468L,
88,V472I,
89,A474P,
90,C475S,
91,Q477E,
92,P484S,
93,Q491*,Nonsense
94,A492P,
95,T495K,
96,M496R,
97,S500Y,
98,S501I,
99,K508N,
100,V515V,Silent
101,V515I,
102,A518A,Silent
103,V519V,Silent
104,V519L,
105,T521S,
106,T530A,
107,T530S,
108,T532K,
109,T545S,
110,V547M,
111,S553C,
112,K554N,